[
  {
    "name": "AppSettings__CacheExpiresInSeconds",
    "value": "300",
    "slotSetting": false
  },
  {
    "name": "AppSettings__CompanyLogo",
    "value": "https://woodgroveemployee.azurewebsites.net/assets/images/banking/logo/logo.svg",
    "slotSetting": false
  },
  {
    "name": "AppSettings__CompanyName",
    "value": "Woodgrove",
    "slotSetting": false
  },
  {
    "name": "AppSettings__CookieExpiresInSeconds",
    "value": "7200",
    "slotSetting": false
  },
  {
    "name": "AppSettings__CookieKey",
    "value": "state",
    "slotSetting": false
  },
  {
    "name": "VerifiedID__allowRevoked",
    "value": "False",
    "slotSetting": false
  },
  {
    "name": "VerifiedID__ApiEndpoint",
    "value": "https://verifiedid.did.msidentity.com/v1.0/verifiableCredentials/",
    "slotSetting": false
  },
  {
    "name": "VerifiedID__client_name",
    "value": "Woodgrove Helpdesk",
    "slotSetting": false
  },
  {
    "name": "VerifiedID__CredentialType",
    "value": "VerifiedEmployee",
    "slotSetting": false
  },
  {
    "name": "VerifiedID__DidAuthority",
    "value": "did:web:...your did...",
    "slotSetting": false
  },
  {
    "name": "VerifiedID__includeQRCode",
    "value": "False",
    "slotSetting": false
  },
  {
    "name": "VerifiedID__includeReceipt",
    "value": "True",
    "slotSetting": false
  },
  {
    "name": "VerifiedID__ManagedIdentity",
    "value": "True",
    "slotSetting": false
  },
  {
    "name": "VerifiedID__matchConfidenceThreshold",
    "value": "70",
    "slotSetting": false
  },
  {
    "name": "VerifiedID__Purpose",
    "value": "To prove your identity",
    "slotSetting": false
  },
  {
    "name": "VerifiedID__scope",
    "value": "3db474b9-6a0c-4840-96ac-1fceb342124f/.default",
    "slotSetting": false
  },
  {
    "name": "VerifiedID__sourcePhotoClaimName",
    "value": "photo",
    "slotSetting": false
  },
  {
    "name": "VerifiedID__validateLinkedDomain",
    "value": "True",
    "slotSetting": false
  }
]